fb,tb,ratio_a,ratio_b,ratio_c,phases,tap_a,tap_b,tap_c
1,2,1.05,1.04375,1.05,abc,8.000000000000007,6.999999999999993,8.000000000000007
13,15,1.0,1.0,1.0,a,0.0,0.0,0.0
30,31,1.0,1.0,1.0,ac,0.0,0.0,0.0
128,127,1.0,1.0,1.0,abc,0.0,0.0,0.0
129,130,1.0,1.0,1.0,abc,0.0,0.0,0.0
