fb,tb,ratio_a,ratio_b,ratio_c,phases,tap_a,tap_b,tap_c
1,2,1.0,1.0,1.0,abc,0.0,0.0,0.0
13,15,1.0,1.0,1.0,a,0.0,0.0,0.0
30,31,1.0,1.0,1.0,ac,0.0,0.0,0.0
128,127,1.06875,0.95625,0.98125,abc,11.000000000000014,-6.999999999999993,-3.000000000000007
129,130,1.0,1.0,1.0,abc,0.0,0.0,0.0
