id,fb,tb,phases,tap_a,tap_b,tap_c,ratio_a,ratio_b,ratio_c
128,2,3,abc,-3,-7,-3,0.9812499999999997,0.9562499999999998,0.9812499999999997
