,fb,tb,phases,tap_a,tap_b,tap_c,ratio_a,ratio_b,ratio_c
126,128,127,abc,-3,-7,-4,0.9812499999999997,0.9562499999999998,0.9749999999999998
